date,high_y_target,high_y_pred,low_y_target,low_y_pred
2020-01-30,0.7762036987776972,0.7693063616752625,0.770155147048128,0.7498577237129211
2020-01-31,0.944045450241995,0.7867051959037781,0.6336276294613074,0.717704713344574
2020-02-03,0.7434967230582693,0.7989950776100159,0.6656132356971138,0.7103719115257263
2020-02-04,0.6278663009326243,0.7978301644325256,0.7457265758015562,0.73602694272995
2020-02-05,0.5620278816062226,0.779470682144165,0.7905447431335706,0.7739594578742981
2020-02-06,0.5277054381758973,0.7638957500457764,0.8011092319905594,0.8061519265174866
2020-02-07,0.5201339253216051,0.7514000535011292,0.7752059158610408,0.8212416768074036
2020-02-10,0.4433711945140541,0.7342723608016968,0.7989335444515541,0.8330653309822083
2020-02-11,0.42984438707637257,0.7240505218505859,0.7920818063625987,0.8398042321205139
2020-02-12,0.3743022835338377,0.7038183212280273,0.8756654910455831,0.8575698733329773
2020-02-13,0.3713765469979628,0.6871141195297241,0.850847035713691,0.8657209277153015
2020-02-14,0.3463757635232134,0.6699110865592957,0.8806525253111458,0.8778208494186401
2020-02-18,0.32906234691643554,0.6641145944595337,0.8144769530738889,0.8757836222648621
2020-02-19,0.30950930789444836,0.6618112325668335,0.8405100584138613,0.8781421184539795
2020-02-20,0.3251568445545579,0.6659926772117615,0.777273521481817,0.863303005695343
2020-02-21,0.3468230024009992,0.6782676577568054,0.7085607704160932,0.8352386355400085
2020-02-24,0.468493268160025,0.7484717965126038,0.4844483549622674,0.709860622882843
2020-02-25,0.508028241465619,0.8264859914779663,0.43567626841603185,0.5574427247047424
2020-02-26,0.49027822063324333,0.8549129962921143,0.4405452126667008,0.48494163155555725
2020-02-27,0.6797882812254381,0.9040068984031677,0.31024687071990853,0.4336898624897003
2020-02-28,0.6798378664054519,0.928981602191925,0.3030942111516238,0.47575798630714417
2020-03-02,0.5289737341290939,0.8678045868873596,0.3644714067730281,0.5191553235054016
2020-03-03,0.5702150540350361,0.7879188656806946,0.331028664645394,0.5309434533119202
2020-03-04,0.4849517868064442,0.70453280210495,0.381254048224994,0.5350566506385803
2020-03-05,0.5881958801384504,0.6683863997459412,0.30803025817014623,0.5308576226234436
2020-03-06,0.6100212330736496,0.6411669850349426,0.29117788468753725,0.5480275750160217
2020-03-09,0.7467303593502659,0.6417960524559021,0.22466994201830107,0.5269387364387512
2020-03-10,0.6363987504501031,0.6365687251091003,0.2588449602186509,0.5385679006576538
2020-03-11,0.7118550825992066,0.6557322144508362,0.22729513280646124,0.5268577337265015
2020-03-12,0.978720882546343,0.6905211806297302,0.16243605924262436,0.46771764755249023
2020-03-13,0.7366499757797811,0.6527649164199829,0.2121198475731969,0.47773873805999756
2020-03-16,1.0,0.665057361125946,0.14863242911344468,0.42083388566970825
2020-03-17,0.9028649390065842,0.6449596881866455,0.16201102512442028,0.4014856815338135
2020-03-18,0.9089737636046543,0.6193413138389587,0.16096925553917557,0.3828343152999878
2020-03-19,0.8469692445187702,0.6072343587875366,0.17102695387451033,0.38887983560562134
2020-03-20,0.7810949704341892,0.5991687774658203,0.18658058892154858,0.3914130628108978
2020-03-23,0.7405764559839715,0.5814200639724731,0.2004433671913514,0.39182838797569275
2020-03-24,0.7456718859924093,0.6094412207603455,0.2003105070036324,0.42365729808807373
2020-03-25,0.777574518560127,0.5842081904411316,0.19329147829396054,0.3807472586631775
2020-03-26,0.7458862134621671,0.5890080332756042,0.20276773391151517,0.39088472723960876
2020-03-27,0.8059428885892097,0.5913670659065247,0.18884151937666777,0.3742962181568146
2020-03-30,0.7140546109006258,0.5839489698410034,0.21724242655493134,0.391754686832428
2020-03-31,0.6736552555773768,0.5883750319480896,0.23175269849824928,0.40618452429771423
2020-04-01,0.7221336739458285,0.5853045582771301,0.21759342753570018,0.41217270493507385
2020-04-02,0.648082344433741,0.5847404599189758,0.24403305628514232,0.4231145977973938
2020-04-03,0.5992791574328749,0.5822195410728455,0.2656317231866449,0.45042848587036133
2020-04-06,0.5897475875209206,0.5848207473754883,0.27531142203967385,0.46216851472854614
2020-04-07,0.612460826281556,0.5735989809036255,0.2668721750707188,0.46768245100975037
2020-04-08,0.5719844976002371,0.5645002722740173,0.2876764198985748,0.48270276188850403
2020-04-09,0.5531825428809093,0.5621944069862366,0.299462790885782,0.4938063323497772
2020-04-13,0.560260214211531,0.5592030882835388,0.3038615701044634,0.5126615762710571
2020-04-14,0.5170994750983942,0.5629855990409851,0.3315101277933343,0.5311658382415771
2020-04-15,0.5628314681986722,0.5834353566169739,0.3067008669559911,0.5327516794204712
2020-04-16,0.5563054835516147,0.6181071400642395,0.3124783058288169,0.5287880897521973
2020-04-17,0.5325262541134073,0.641796886920929,0.328737775101845,0.536465048789978
2020-04-20,0.6238557437244115,0.6650638580322266,0.2866728462134982,0.5216596722602844
2020-04-21,0.6506139069154916,0.6910766959190369,0.2768710196197403,0.49852630496025085
2020-04-22,0.6054696405397235,0.7141384482383728,0.29967972082186006,0.49297505617141724
2020-04-23,0.6008108138006625,0.7336843609809875,0.30421449497866154,0.5073578357696533
2020-04-24,0.52519577522191,0.7297325730323792,0.35057716683549806,0.5312516093254089
2020-04-27,0.4966466373303241,0.7192733883857727,0.37908567488812456,0.5668255090713501
2020-04-28,0.5042922681168555,0.7072073817253113,0.37615740730166974,0.5938039422035217
2020-04-29,0.47241215102449735,0.6945732235908508,0.4045932058202033,0.61769038438797
2020-04-30,0.5202104114497121,0.6875835061073303,0.3702280132318511,0.6247169375419617
2020-05-01,0.5705255840136602,0.699498176574707,0.3401755651568926,0.6172016859054565
2020-05-04,0.563771280765904,0.7113759517669678,0.35236733732529163,0.6228920221328735
2020-05-05,0.5306161295815459,0.7141779065132141,0.3773429011499189,0.6382702589035034
2020-05-06,0.5426169715593984,0.7126930952072144,0.37193250643204384,0.6414077877998352
2020-05-07,0.5036892602486941,0.7118150591850281,0.40388607158810685,0.6522919535636902
2020-05-08,0.4515931251364122,0.7006253600120544,0.4541107969456002,0.6717460751533508
2020-05-11,0.4551353011931777,0.6816102862358093,0.46171725731843505,0.6877509951591492
2020-05-12,0.549618910052348,0.6761267781257629,0.38551410032232397,0.6906692385673523
2020-05-13,0.5914166887384511,0.6764026284217834,0.3612593042183277,0.6786102056503296
2020-05-14,0.5509157110934255,0.669715404510498,0.39107847768693144,0.6811494827270508
2020-05-15,0.5429808877176868,0.6716904640197754,0.4001540051594471,0.6897851228713989
2020-05-18,0.5109130010648724,0.6710132360458374,0.4363288759690964,0.7022294998168945
2020-05-19,0.5366751312209777,0.6713901162147522,0.4190067811833227,0.7001649737358093
2020-05-20,0.4960453543456137,0.6692939400672913,0.4573104325166121,0.705039381980896
2020-05-21,0.5276485805574196,0.670930027961731,0.43372706359252067,0.7035898566246033
2020-05-22,0.5073483600500128,0.667829692363739,0.4551066100632666,0.7067117094993591
2020-05-26,0.5219881353101296,0.6704365015029907,0.45866363091374046,0.7049668431282043
2020-05-27,0.5191806317486438,0.6584613919258118,0.46542395367517286,0.7052915692329407
2020-05-28,0.5421117784533673,0.6569820642471313,0.4499073629482735,0.6989240050315857
2020-05-29,0.5262333373057757,0.6541314721107483,0.4678550727914206,0.6982386708259583
2020-06-01,0.5546805679356512,0.6574910283088684,0.4567558668566637,0.6933254599571228
2020-06-02,0.5321896961556917,0.6652635335922241,0.48070266107160664,0.6928529739379883
2020-06-03,0.5134861750359044,0.6668920516967773,0.5031138409007935,0.6965687274932861
2020-06-04,0.5212969963187589,0.6679075956344604,0.5004937207389276,0.6992376446723938
2020-06-05,0.4998969384377645,0.6678947806358337,0.5271445353958227,0.7034631967544556
2020-06-08,0.5414638536516797,0.6721433997154236,0.5017089992195493,0.7004919052124023
2020-06-09,0.5840351019274607,0.6787066459655762,0.46996556871857514,0.6877527832984924
2020-06-10,0.5897950001985879,0.6831639409065247,0.4702499932496145,0.67177814245224
2020-06-11,0.881297260699035,0.7116430401802063,0.318034652205136,0.6348292231559753
2020-06-12,0.7875951949275889,0.729627788066864,0.35966958392822523,0.6145265698432922
2020-06-15,0.7662172062384003,0.7260629534721375,0.3780232417074141,0.6257298588752747
2020-06-16,0.7589495241358537,0.7167173624038696,0.3864521052391336,0.6231115460395813
2020-06-17,0.7557369241416729,0.711372435092926,0.3889956015886614,0.6210300922393799
2020-06-18,0.7450490822244964,0.7057684063911438,0.3954925739945658,0.6260836720466614
2020-06-19,0.7957258745484791,0.7100743055343628,0.371166481347868,0.6281896233558655
2020-06-22,0.7235640785916558,0.7049686312675476,0.41104472751114485,0.6381877660751343
2020-06-23,0.7156936611260734,0.7054229378700256,0.4165359393003984,0.654650092124939
2020-06-24,0.7733875338091845,0.6956713199615479,0.38636448849597466,0.6508063673973083
2020-06-25,0.7376457529605602,0.6929022669792175,0.40603399870407536,0.6661603450775146
2020-06-26,0.7964964976680381,0.6966966986656189,0.3769149925328023,0.6665088534355164
2020-06-29,0.7326749403863417,0.691990315914154,0.4126426050185307,0.6743800044059753
2020-06-30,0.7027834141050835,0.6898120641708374,0.4312068262723684,0.6917302012443542
2020-07-01,0.6621442926228489,0.6802471876144409,0.4587513995211918,0.7107787728309631
2020-07-02,0.6415254410447783,0.673717737197876,0.4746136878139219,0.7308896780014038
2020-07-06,0.652149138891326,0.6662982106208801,0.471319724722759,0.7437853217124939
2020-07-07,0.6881488224878136,0.6634871363639832,0.4477239146471368,0.7406463623046875
2020-07-08,0.657751988073278,0.6565974354743958,0.4695283676907357,0.7391421794891357
2020-07-09,0.6866157055454386,0.6458203792572021,0.45086117600730363,0.7341454029083252
2020-07-10,0.6415325289561132,0.6352746486663818,0.4836950991046356,0.7315276265144348
2020-07-13,0.7608019380892432,0.6408920288085938,0.4107972977399098,0.7130663990974426
2020-07-14,0.6989535550234293,0.6466534733772278,0.4482183546463189,0.6997674107551575
2020-07-15,0.6584671869753307,0.648652970790863,0.476918137947171,0.7032235264778137
2020-07-16,0.6653602188721403,0.6505032181739807,0.47311032867161856,0.7054679989814758
2020-07-17,0.6113351544552362,0.6470012068748474,0.5161577347944094,0.7138463258743286
2020-07-20,0.5854717993408484,0.6365910172462463,0.5428641061630446,0.7270565032958984
2020-07-21,0.595651732846005,0.6329866051673889,0.5348750822205971,0.7316437363624573
2020-07-22,0.5842478132739277,0.6273660659790039,0.54663399979558,0.7352617383003235
2020-07-23,0.6276756498179207,0.6251720190048218,0.5100452581041552,0.7290460467338562
2020-07-24,0.6230398517463748,0.6314560174942017,0.5150859828978743,0.7223471999168396
2020-07-27,0.5998168301959037,0.6382728219032288,0.5389388339827054,0.720398485660553
2020-07-28,0.6179275593867071,0.6523573398590088,0.5244177646833126,0.714514970779419
2020-07-29,0.5864628048421939,0.6608334183692932,0.5539016425954365,0.7151431441307068
2020-07-30,0.6036407223430617,0.6581783890724182,0.5394536049519204,0.7146426439285278
2020-07-31,0.5974344711862175,0.6578148007392883,0.5463905750838164,0.7125512361526489
2020-08-03,0.596361246132752,0.650787353515625,0.5514101046290456,0.7143517136573792
2020-08-04,0.5846812163895808,0.6484307050704956,0.5638080460524003,0.7139915823936462
2020-08-05,0.5667939053343811,0.6538944840431213,0.5830326672870811,0.718238115310669
2020-08-06,0.5594605061092979,0.6493117213249207,0.5921308034259751,0.7259150147438049
2020-08-07,0.5496248220483458,0.6484478116035461,0.6042145253996956,0.7321093678474426
2020-08-10,0.5507546021667241,0.6512029767036438,0.6074617857413647,0.7379551529884338
2020-08-11,0.5991744292961318,0.6516832113265991,0.5597573869551911,0.7348966002464294
2020-08-12,0.5565946139867399,0.6581624746322632,0.6040759229055687,0.731630265712738
2020-08-13,0.5538996318674392,0.6663569808006287,0.608524811208784,0.7337457537651062
2020-08-14,0.5529498070140737,0.6741394400596619,0.611088236363416,0.7371606826782227
2020-08-17,0.5384766548409337,0.6815693378448486,0.6322257450640224,0.7420949339866638
2020-08-18,0.5435546495583808,0.6876580119132996,0.6278875564302072,0.7483189105987549
2020-08-19,0.5706793275834285,0.6967950463294983,0.5995431463115185,0.7486940622329712
2020-08-20,0.5763463498215631,0.7062969207763672,0.5951384269209002,0.7471998333930969
2020-08-21,0.5728854605784578,0.721396267414093,0.600238939028062,0.742521345615387
2020-08-24,0.5718808389881528,0.729499876499176,0.6058520554080583,0.7397809624671936
2020-08-25,0.5642859304913517,0.733896791934967,0.6155584271217915,0.7419224381446838
2020-08-26,0.5972111633744668,0.739406406879425,0.5830938499990661,0.7382477521896362
2020-08-27,0.6292365640728196,0.7400816082954407,0.5548196208253293,0.7302990555763245
2020-08-28,0.5915643440951154,0.7358047366142273,0.591649732863104,0.7219964861869812
2020-08-31,0.6844771273780492,0.7401744723320007,0.5152518802040296,0.701608419418335
2020-09-01,0.6782980467037437,0.7568822503089905,0.5212727114981511,0.6855959296226501
2020-09-02,0.691349194940651,0.7766472697257996,0.5127393828570107,0.674733579158783
2020-09-03,0.8760026146032448,0.7951124310493469,0.40569426932468494,0.6490415334701538
2020-09-04,0.8017182429835584,0.7727087736129761,0.44355019234156234,0.634477436542511
2020-09-08,0.8173667408455424,0.7532231211662292,0.43453703589540355,0.6170099973678589
2020-09-09,0.7474997720638236,0.7297667860984802,0.4747787778282553,0.6192090511322021
2020-09-10,0.7698051502799514,0.7169110178947449,0.4606603278914134,0.6188892722129822
2020-09-11,0.6952756391912145,0.6983895897865295,0.5096412012070266,0.6342623233795166
2020-09-14,0.6661747064902102,0.6886317133903503,0.5306608918534437,0.6530434489250183
2020-09-15,0.6585855676301291,0.6860269904136658,0.5363589589384391,0.6750028729438782
2020-09-16,0.6692648865910276,0.6847119927406311,0.5273912036278582,0.6903809309005737
2020-09-17,0.6791454265426469,0.6812388896942139,0.5193163070669965,0.7015425562858582
2020-09-18,0.6620854679803524,0.6784550547599792,0.5322861259925905,0.7057552933692932
2020-09-21,0.709212978565913,0.6748492121696472,0.4957694386631536,0.7013930082321167
2020-09-22,0.6848102512378659,0.6802473664283752,0.5130423163655266,0.6992055177688599
2020-09-23,0.7276910680388795,0.6802125573158264,0.48244081706632225,0.6914178729057312
2020-09-24,0.7249422310558128,0.6839660406112671,0.48390038542357483,0.6830898523330688
2020-09-25,0.6698893677358606,0.6752695441246033,0.5232692237513682,0.6850265860557556
2020-09-28,0.6624220779143317,0.6741446256637573,0.5279635797691857,0.6881657838821411
2020-09-29,0.663566662996622,0.6732150316238403,0.5266542740490562,0.6884488463401794
2020-09-30,0.6652127581529514,0.6736825704574585,0.5249544620412036,0.6917271018028259
2020-10-01,0.6726488519961089,0.6755145192146301,0.5187599547954073,0.6887626051902771
2020-10-02,0.6951611039706573,0.6803473830223083,0.5015828155627512,0.683298647403717
2020-10-05,0.7006943943939864,0.6958463788032532,0.49650421961083036,0.6760753989219666
2020-10-06,0.7378183071864887,0.704566478729248,0.4711702620649325,0.6676555871963501
2020-10-07,0.7013597248703906,0.7114173769950867,0.49529369061792244,0.6598179936408997
2020-10-08,0.6580070320475122,0.7060670852661133,0.5275334581364424,0.66576087474823
2020-10-09,0.6232435946624911,0.69771409034729,0.5565449545076578,0.6744009256362915
2020-10-12,0.6225506130213618,0.6909665465354919,0.5559293492241516,0.6843302845954895
2020-10-13,0.6465423947525568,0.6882311105728149,0.534905652584101,0.6872960329055786
2020-10-14,0.6538773281919154,0.6897676587104797,0.5285163630861442,0.6855292916297913
2020-10-15,0.6671298944938908,0.6956318616867065,0.5176371421404669,0.6807423233985901
2020-10-16,0.6771366745237981,0.7089038491249084,0.5096138281681877,0.6737951636314392
2020-10-19,0.7180760762777997,0.7220942378044128,0.47950786698755316,0.6617646813392639
2020-10-20,0.7213300239372307,0.7387570738792419,0.4769976527190725,0.648564875125885
2020-10-21,0.7032212244639332,0.7456310987472534,0.48892576125686815,0.6409257054328918
2020-10-22,0.6890811558469547,0.7470384240150452,0.49859708834625904,0.642096996307373
2020-10-23,0.6744876377781808,0.746344268321991,0.5090165673435799,0.6408736705780029
2020-10-26,0.7916511284461062,0.7477888464927673,0.43274587772209966,0.6260563731193542
2020-10-27,0.8123195003760866,0.7615848183631897,0.42143247442151566,0.6088312268257141
2020-10-28,0.9798665773805825,0.7891045808792114,0.3491215091685773,0.5805907249450684
2020-10-29,0.914407847396771,0.7980819344520569,0.3743137933028673,0.5702775716781616
2020-10-30,0.9278380095925608,0.8005655407905579,0.37028661131248625,0.5638711452484131
2020-11-02,0.918424620960835,0.7971103191375732,0.3797958922337886,0.5541729927062988
2020-11-03,0.8833416019267002,0.7896741032600403,0.3968963086173884,0.5500001311302185
2020-11-04,0.7381080183365691,0.7554540634155273,0.47742662152429155,0.5880200266838074
2020-11-05,0.691594358975277,0.7247727513313293,0.5121590527948822,0.6199836730957031
2020-11-06,0.6262619737036865,0.6883929371833801,0.56851117756438,0.6647742390632629
2020-11-09,0.6577805891901262,0.6696381568908691,0.5497752611240401,0.7050014138221741
2020-11-10,0.636488644768639,0.6511775851249695,0.5711514110456424,0.7313262224197388
2020-11-11,0.6046813977577402,0.6384046077728271,0.6043665535742795,0.7593320608139038
2020-11-12,0.6567742914553788,0.6218827366828918,0.5593782056512838,0.7678149342536926
2020-11-13,0.6013320523593858,0.6147159337997437,0.6142025574277128,0.7777690887451172
2020-11-16,0.5928855005643553,0.6121823787689209,0.6330335670652752,0.7842974066734314
2020-11-17,0.6026647398266722,0.6120880246162415,0.6261314936616543,0.7841196060180664
2020-11-18,0.6357397422510439,0.6116705536842346,0.5967821787327133,0.7743667960166931
2020-11-19,0.6192953954833981,0.6039175987243652,0.6159726715847553,0.7643461227416992
2020-11-20,0.6382362791705077,0.5929686427116394,0.6009691958655874,0.7532609701156616
2020-11-23,0.6193875175276723,0.583625853061676,0.6295893755201725,0.7482458353042603
2020-11-24,0.5944808344311883,0.5753235816955566,0.6596274094296657,0.7501078844070435
2020-11-25,0.5867168947534711,0.5829349160194397,0.6721025092558731,0.7531998753547668
2020-11-27,0.5812712614851011,0.5963521599769592,0.6860778016059522,0.7594143152236938
2020-11-30,0.582663489943219,0.6111570000648499,0.6962268573324574,0.7673249840736389
2020-12-01,0.5913945803294967,0.6387901902198792,0.6899002172017222,0.772219717502594
2020-12-02,0.6059416447021169,0.6672723889350891,0.6772352082974037,0.7757070660591125
2020-12-03,0.612297667561033,0.7041255831718445,0.6741029385662209,0.7689608931541443
2020-12-04,0.6013655499723217,0.7185466885566711,0.690368059054452,0.7691028714179993
2020-12-07,0.6260606169408865,0.7349469661712646,0.6749426219453103,0.7665058970451355
2020-12-08,0.6111247629004096,0.7402023673057556,0.6955569973143888,0.76680588722229
2020-12-09,0.661690371184051,0.7481387257575989,0.6462487743661182,0.7626554369926453
2020-12-10,0.6727769047959651,0.7599260807037354,0.6394228149419219,0.7519295811653137
2020-12-11,0.7002063049506745,0.7794466614723206,0.6180885456681883,0.7416055798530579
2020-12-14,0.7550135979271742,0.7987629771232605,0.5837851465609177,0.7207708954811096
2020-12-15,0.7030505676625507,0.8063440918922424,0.630799929723727,0.710290253162384
2020-12-16,0.6949786879451257,0.8093101382255554,0.6420822929155708,0.7104467749595642
2020-12-17,0.681223579663555,0.8087105751037598,0.6591287265701858,0.7153202891349792
2020-12-18,0.6738717904022211,0.8030149340629578,0.6704930442135602,0.7258626818656921
2020-12-21,0.7952052808054234,0.7967519164085388,0.5757575357561107,0.7215510606765747
2020-12-22,0.7664052507294229,0.7957301139831543,0.5981799987548141,0.7041125297546387
2020-12-23,0.7337051317864277,0.7896761894226074,0.6221253973611682,0.697756826877594
2020-12-24,0.674385026304941,0.7779416441917419,0.6739240037958704,0.7068856358528137
2020-12-28,0.6667507481522622,0.7700129747390747,0.6700898659064425,0.718650758266449
2020-12-29,0.7057882811900327,0.7655118107795715,0.6303636149798388,0.7237574458122253
2020-12-30,0.693020897116478,0.7677878141403198,0.6392900077835734,0.7249384522438049
2020-12-31,0.6891583529054949,0.7647491097450256,0.640196718861963,0.7242909073829651
2021-01-04,0.8019197420170554,0.7650450468063354,0.5411880631312508,0.7055612802505493
2021-01-05,0.7499943395737272,0.7639756798744202,0.5763095180482075,0.6851531267166138
2021-01-06,0.7386118297301252,0.7518740296363831,0.5828290800709496,0.6724098324775696
2021-01-07,0.6560660440103097,0.7345947027206421,0.6535255205760795,0.6739287972450256
2021-01-08,0.6294466480197002,0.7154225707054138,0.6784419476024297,0.691084086894989
2021-01-11,0.6935945117041513,0.7161645293235779,0.608419137338117,0.7017497420310974
2021-01-12,0.6690024059149945,0.7191194295883179,0.6283143768904286,0.7103016972541809
2021-01-13,0.6340651041003249,0.7166330814361572,0.6603519384836256,0.7186867594718933
2021-01-14,0.660829095934394,0.7197272181510925,0.6311508616509687,0.7207927703857422
2021-01-15,0.6887729875280328,0.7249649167060852,0.603208669908654,0.718956470489502
2021-01-19,0.646296699526858,0.7321318984031677,0.6331095352608462,0.7148615717887878
2021-01-20,0.59755476416284,0.7296739816665649,0.6821736372027094,0.7222515940666199
2021-01-21,0.5878302589553851,0.7398022413253784,0.6908606394867091,0.7340194582939148
2021-01-22,0.6015247935380346,0.7372472882270813,0.6726148019118909,0.7404446005821228
2021-01-25,0.6286344244141165,0.7304343581199646,0.6365034333777065,0.7363093495368958
2021-01-26,0.6214128888992464,0.7335328459739685,0.6415445808217495,0.7275462746620178
2021-01-27,1.0,0.7743160128593445,0.39710288879293154,0.6755645275115967
2021-01-28,0.8087298650620828,0.7694993615150452,0.4893757087288059,0.6386761665344238
2021-01-29,0.8857363167229313,0.7545875906944275,0.44701968052839375,0.6206196546554565
2021-02-01,0.8115397809278514,0.7305070757865906,0.48992745243821745,0.6089565753936768
2021-02-02,0.687466395034491,0.700009286403656,0.5799392779167114,0.6193490624427795
2021-02-03,0.6175618525527027,0.6697793006896973,0.6473631303729325,0.6454789638519287
2021-02-04,0.5881399804843934,0.6501572728157043,0.6816228980374764,0.6849961280822754
2021-02-05,0.5650849986397568,0.6407562494277954,0.7113929942265097,0.7282789349555969
2021-02-08,0.5789832528960076,0.6410778760910034,0.7001081591090359,0.7621669173240662
2021-02-09,0.5909432423648764,0.6412578225135803,0.6878474017906773,0.7819702625274658
2021-02-10,0.6021358336244582,0.6256720423698425,0.6769431770187262,0.7878605723381042
2021-02-11,0.5831904174068084,0.6157624125480652,0.700885736091094,0.7857570052146912
2021-02-12,0.5493054624856302,0.6013647317886353,0.7462025031820881,0.7884988784790039
2021-02-16,0.5956974290024852,0.6042763590812683,0.6958541682282868,0.784763753414154
2021-02-17,0.5981776667522853,0.6045296788215637,0.6949242510390452,0.7793400287628174
2021-02-18,0.6271611986766426,0.6120839715003967,0.6646826649047227,0.7682035565376282
2021-02-19,0.6163091335240451,0.6144165992736816,0.6783018178372153,0.7605051398277283
2021-02-22,0.6600056731947774,0.6180124878883362,0.6388093318181834,0.7510097026824951
2021-02-23,0.6519501063193209,0.6244092583656311,0.6485469713068603,0.7453745007514954
2021-02-24,0.6034214863895853,0.6163221597671509,0.7027067656866265,0.7464301586151123
2021-02-25,0.8188195377972304,0.640494167804718,0.519335562069518,0.7252494096755981
2021-02-26,0.7940341383988468,0.6795705556869507,0.537082119702466,0.6927499771118164
2021-03-01,0.6680495274376836,0.6951047778129578,0.6438959384376923,0.6791731715202332
2021-03-02,0.6911385465926394,0.7028477191925049,0.6241830603433168,0.6817119121551514
2021-03-03,0.7666547144964929,0.7081332802772522,0.5643289663876997,0.6767697334289551
2021-03-04,0.8232243349004223,0.7058517336845398,0.5270736899439591,0.6657090187072754
2021-03-05,0.7122536087060599,0.6821179986000061,0.6109625644082819,0.6641028523445129
2021-03-08,0.7409454551265495,0.6642219424247742,0.5924562977853185,0.6669465899467468
2021-03-09,0.7007363517257209,0.6541242003440857,0.6282855867918886,0.6762329339981079
2021-03-10,0.6594563013648833,0.6470728516578674,0.6695720311986949,0.6964985728263855
2021-03-11,0.6420042611659016,0.6458312273025513,0.6897939915901725,0.7208537459373474
2021-03-12,0.6077251011092287,0.6340628266334534,0.7308471456938587,0.7495699524879456
2021-03-15,0.5926474198597874,0.6206948161125183,0.7561034482400024,0.7744191288948059
2021-03-16,0.5869791305279062,0.614063024520874,0.7656692001346717,0.7941755652427673
2021-03-17,0.5717683784841031,0.6098234057426453,0.7883742130410436,0.8101633191108704
2021-03-18,0.6432190883589648,0.6083160042762756,0.7028858847891607,0.8070175051689148
2021-03-19,0.6259804654839775,0.6080338358879089,0.7243970583144157,0.7934684157371521
2021-03-22,0.5683323164060636,0.6001739501953125,0.8050659085115554,0.7886912226676941
2021-03-23,0.6125990085556999,0.6047474145889282,0.749137233144841,0.7863084673881531
2021-03-24,0.6413553525595964,0.6158607602119446,0.717704070658638,0.7761056423187256
2021-03-25,0.6008036953249913,0.6231346726417542,0.7684588006139882,0.7826604247093201
2021-03-26,0.5734266026252168,0.6324032545089722,0.8075826893471065,0.789304256439209
2021-03-29,0.635368005592708,0.6411396265029907,0.735512774110085,0.7897952198982239
2021-03-30,0.6022727558968032,0.6453286409378052,0.7782955571594949,0.7958498597145081
2021-03-31,0.5973366153844709,0.65671306848526,0.7871246513108133,0.808106005191803
2021-04-01,0.5349591044605022,0.6668528318405151,0.8815960523173659,0.8329313397407532
2021-04-05,0.5585529418927258,0.6780046820640564,0.8547976542025182,0.8482105135917664
2021-04-06,0.5665598707469744,0.6894726753234863,0.8453237710345112,0.8572276830673218
2021-04-07,0.5379310361321792,0.6917194724082947,0.893071629433284,0.864538311958313
2021-04-08,0.532725731311299,0.6946800351142883,0.9045988152733372,0.8703885674476624
2021-04-09,0.5259177789386217,0.6917085647583008,0.9191606771951099,0.8734795451164246
2021-04-12,0.5370385073778502,0.6868641972541809,0.9085935591137424,0.8701260685920715
2021-04-13,0.5301703474001284,0.6797390580177307,0.9232527857297268,0.866959273815155
2021-04-14,0.5424215789165769,0.6695091724395752,0.9047777654206124,0.8635402321815491
2021-04-15,0.5304097252312858,0.6614051461219788,0.9271670667254213,0.861326277256012
2021-04-16,0.5215437730698624,0.6538172960281372,0.9443886714425647,0.8698199987411499
2021-04-19,0.5593659333833649,0.654181957244873,0.8846610061169157,0.8640218377113342
2021-04-20,0.6059524900195983,0.6657155752182007,0.8179307951997068,0.838987410068512
2021-04-21,0.5691982457355528,0.6638607978820801,0.8721203086967755,0.829755961894989
2021-04-22,0.6101915741594801,0.6720687747001648,0.8148190297398745,0.8131996989250183
2021-04-23,0.5667102670681039,0.6675118207931519,0.8787317522063613,0.8085368275642395
2021-04-26,0.5815544185524012,0.6654361486434937,0.8604249103518796,0.8096169233322144
2021-04-27,0.5804958501137978,0.6693589091300964,0.8633857205463307,0.8131140470504761
2021-04-28,0.5728018787012573,0.6748296618461609,0.8764010467690616,0.8166839480400085
2021-04-29,0.5853415518704522,0.6844848394393921,0.8590214687047988,0.8159357905387878
2021-04-30,0.6202816623567622,0.6989865303039551,0.811957334275527,0.8024344444274902
2021-05-03,0.6153587429178344,0.7072717547416687,0.8225013992605821,0.7922918200492859
2021-05-04,0.6565001079984534,0.7225973010063171,0.7722360591863507,0.7711833119392395
2021-05-05,0.6471780844805252,0.7290360331535339,0.7846640353537572,0.7563050389289856
2021-05-06,0.623231357541767,0.728702962398529,0.816175876786486,0.7547475695610046
2021-05-07,0.5672047723320949,0.7058317065238953,0.8983002573071026,0.7723132967948914
2021-05-10,0.6738068607775893,0.7094431519508362,0.7600257164253049,0.7687446475028992
2021-05-11,0.7506444389807252,0.7311481237411499,0.6833911750423047,0.7370702028274536
2021-05-12,0.9509694056187286,0.7891353368759155,0.5403559689380121,0.6669545769691467
2021-05-13,0.7972641225104085,0.7832229733467102,0.6438209988766967,0.6316117644309998
2021-05-14,0.6514807420104038,0.7386575937271118,0.7907888083082976,0.6390306353569031
2021-05-17,0.687090116937694,0.7175776958465576,0.7517348515658615,0.6664979457855225
2021-05-18,0.7450224299589331,0.7174129486083984,0.6938785636868012,0.6893876791000366
2021-05-19,0.7759010506573276,0.7183398604393005,0.6668406830342902,0.6963068842887878
2021-05-20,0.7245308439604149,0.7096218466758728,0.7147404159131203,0.7033995389938354
2021-05-21,0.7077254340999622,0.7092142105102539,0.7323495101277473,0.7130232453346252
2021-05-24,0.6501869457554933,0.6945739984512329,0.7992563233341397,0.7359732985496521
2021-05-25,0.6670859239125805,0.6834865212440491,0.7796960628309068,0.7598755359649658
2021-05-26,0.6159321059323112,0.6738807559013367,0.8451976569751802,0.7851887345314026
2021-05-27,0.5951447155912509,0.6667826771736145,0.875495217418887,0.8097276091575623
2021-05-28,0.5970723846278624,0.6719704270362854,0.873445551165977,0.8265761733055115
2021-06-01,0.6429356223548108,0.6723117232322693,0.8140547229606897,0.8251495957374573
2021-06-02,0.6291451339965094,0.6767816543579102,0.8326508872921522,0.8210084438323975
2021-06-03,0.6506430367727659,0.6815152168273926,0.8058699716831418,0.8113400936126709
2021-06-04,0.5934416828780787,0.6713066697120667,0.8843515747709854,0.8124818801879883
2021-06-07,0.5971524852928152,0.657101571559906,0.881274455098994,0.8155197501182556
2021-06-08,0.6220879151150304,0.6450001001358032,0.8467302153844944,0.8236066699028015
2021-06-09,0.6533360669123964,0.641701340675354,0.8069783627167496,0.8211111426353455
2021-06-10,0.5891992069153629,0.6292276382446289,0.895652172239027,0.8374696373939514
2021-06-11,0.5739346808867799,0.6261286735534668,0.9203296207054821,0.8493807911872864
2021-06-14,0.6048869687578182,0.6266446113586426,0.8756944748136384,0.8510519862174988
2021-06-15,0.6294691519434197,0.6407777667045593,0.8422908002581838,0.8496447205543518
2021-06-16,0.6726870220866487,0.657974898815155,0.7889227551055065,0.8373023867607117
2021-06-17,0.6592623745314622,0.6714041829109192,0.8057524283078973,0.8201219439506531
2021-06-18,0.7704700592730461,0.7076568603515625,0.6901093224253105,0.7724059224128723
2021-06-21,0.6701685440115082,0.6973757743835449,0.7956812566300723,0.7476919293403625
2021-06-22,0.625434933858069,0.6784645915031433,0.8534150794680601,0.7545952200889587
2021-06-23,0.6139920212257279,0.6617959141731262,0.8701625770539214,0.7803621888160706
2021-06-24,0.6021226481479102,0.6514067053794861,0.8881785005039815,0.8030350208282471
2021-06-25,0.5902018306764713,0.6495533585548401,0.9070018496969484,0.8208019137382507
2021-06-28,0.5993858141914714,0.6531153917312622,0.8957387232361058,0.8328801989555359
2021-06-29,0.6106051339232424,0.6566917300224304,0.8811874751092126,0.8372511267662048
2021-06-30,0.6046841697805018,0.6644496321678162,0.8922440084625929,0.8340238928794861
2021-07-01,0.5926120399072498,0.6750528812408447,0.9139822486239149,0.8380387425422668
2021-07-02,0.5781848424062201,0.6766066551208496,0.9404556922186418,0.8431782722473145
2021-07-06,0.6363442202339679,0.685172975063324,0.8679778192738246,0.832564651966095
2021-07-07,0.628448705375653,0.6885718107223511,0.882331934794216,0.82750004529953
2021-07-08,0.7387118624521741,0.7054885029792786,0.7535789590132864,0.7899991273880005
2021-07-09,0.6304763863833606,0.6973494291305542,0.886416696857839,0.7840660214424133
2021-07-12,0.6343367027238432,0.6847452521324158,0.891458810817609,0.7955213189125061
2021-07-13,0.6731179169463893,0.6819239258766174,0.8434059892254366,0.8036729097366333
2021-07-14,0.6435070477632591,0.6744887232780457,0.8856909684842076,0.815872848033905
2021-07-15,0.6718207535158492,0.6777152419090271,0.8517081397562628,0.8204666972160339
2021-07-16,0.7303477258077977,0.6926509737968445,0.7865461927657307,0.8023783564567566
2021-07-19,0.8947577666024266,0.7301973104476929,0.6481975319944782,0.7348436117172241
2021-07-20,0.7845326300173548,0.7442455887794495,0.7404291441073303,0.6898300051689148
2021-07-21,0.7105039340033621,0.7281520366668701,0.8170233949404936,0.6950613856315613
2021-07-22,0.700145137370728,0.7166445851325989,0.8285534562261945,0.7202565670013428
2021-07-23,0.6791729330313949,0.7050980925559998,0.853565850949878,0.7501029372215271
2021-07-26,0.6893817168780283,0.6950402855873108,0.8392491447581057,0.7676030993461609
2021-07-27,0.757438210081434,0.7028563618659973,0.7633378945936828,0.7650565505027771
2021-07-28,0.7147158587682644,0.6970345973968506,0.8084349940693251,0.7660636901855469
2021-07-29,0.6893247919412179,0.696958601474762,0.8376647387000733,0.7767539620399475
2021-07-30,0.7087339551240165,0.689919114112854,0.81419347066081,0.7823164463043213
2021-08-02,0.7509969108656843,0.7001085877418518,0.7668836605273867,0.7795414328575134
2021-08-03,0.6946222232723207,0.6980071663856506,0.8285907304646792,0.7856970429420471
2021-08-04,0.6903656641547848,0.698017418384552,0.8331664058258518,0.7953315377235413
2021-08-05,0.6623630440446815,0.6974539160728455,0.8678368836298953,0.8140779137611389
2021-08-06,0.6176582840381901,0.682239830493927,0.930058483234077,0.8342924118041992
2021-08-09,0.6351778797606668,0.6739291548728943,0.9026980491947162,0.8513455986976624
2021-08-10,0.6364172633392501,0.6698048114776611,0.9003771377488092,0.8646249175071716
2021-08-11,0.6115550095128921,0.663185179233551,0.9363979653742239,0.873214840888977
2021-08-12,0.5883124543629086,0.6542347073554993,0.9727887894501097,0.8864341974258423
2021-08-13,0.5817400331679414,0.646168053150177,0.9816378079519006,0.9005644917488098
2021-08-16,0.6029674780139648,0.6407713294029236,0.9412761962177405,0.9056881070137024
2021-08-17,0.6684538049677352,0.6496462225914001,0.8468917383066176,0.8821504712104797
2021-08-18,0.8032949420784548,0.6862186789512634,0.7029341191112779,0.8190920948982239
2021-08-19,0.8052578363544789,0.7098159790039062,0.6994345414035475,0.7501766085624695
2021-08-20,0.6881882105724434,0.6828672289848328,0.8163364672636801,0.7239949107170105
2021-08-23,0.6317792693263027,0.6534425616264343,0.8824826953749694,0.738370418548584
2021-08-24,0.6329884607763974,0.64559406042099,0.8785735379311593,0.7728317379951477
2021-08-25,0.6158526490176539,0.6412657499313354,0.9007440575411481,0.8042567372322083
2021-08-26,0.6895606052465515,0.6550735831260681,0.8024390264965452,0.8139588832855225
2021-08-27,0.5986016788595133,0.6522061228752136,0.9220506269236198,0.8254590034484863
2021-08-30,0.5875166376769062,0.652940034866333,0.9324139720282522,0.8448712825775146
2021-08-31,0.5967685072430876,0.6603452563285828,0.9156699608693161,0.8544102311134338
2021-09-01,0.582132192302878,0.6659061312675476,0.9363561635831866,0.8617691397666931
2021-09-02,0.5917168703582251,0.6705029010772705,0.9189004471608997,0.8618990778923035
2021-09-03,0.590466433252178,0.6743736267089844,0.9185627159490877,0.8577208518981934
2021-09-07,0.6472443495304645,0.6885020732879639,0.8297379194298573,0.8394967913627625
2021-09-08,0.6394817993366195,0.6940521001815796,0.8377452087900961,0.8206004500389099
2021-09-09,0.6679938857530398,0.6950644254684448,0.8000192353257136,0.8003464937210083
2021-09-10,0.7428367266934257,0.714651346206665,0.7176524246824596,0.7630607485771179
2021-09-13,0.6825496356830544,0.7224052548408508,0.7753325599656683,0.7423714995384216
2021-09-14,0.6843047751328684,0.7257577180862427,0.7714620182107012,0.7326602339744568
2021-09-15,0.6379764519333657,0.7168489098548889,0.8254734734343707,0.7443467974662781
2021-09-16,0.6545245323108604,0.7117241024971008,0.8026519743795971,0.7626588940620422
2021-09-17,0.7272711733546645,0.7336053252220154,0.7206162443793063,0.7487679123878479
2021-09-20,0.8948152059745502,0.7805919051170349,0.5826292371331336,0.6874150633811951
2021-09-21,0.8435416118215849,0.8058891892433167,0.6146902548837607,0.6492696404457092
2021-09-22,0.7204878027963022,0.795141339302063,0.7172166848633958,0.6486621499061584
2021-09-23,0.6412036449403342,0.7719026803970337,0.8031546602206753,0.671899139881134
2021-09-24,0.6090661889242767,0.7432336211204529,0.8426607592531078,0.710926353931427
2021-09-27,0.6379280934712346,0.7335484027862549,0.7964073447258306,0.7415069937705994
2021-09-28,0.7882438971434187,0.7406216263771057,0.6423681634496972,0.7398270964622498
2021-09-29,0.7625694500779904,0.753810703754425,0.6617694142063013,0.7244868874549866
2021-09-30,0.7798483948699544,0.7633999586105347,0.6449427768184394,0.7072023749351501
2021-10-01,0.7089892746711598,0.7412694096565247,0.7070347404308156,0.6993997693061829
2021-10-04,0.7646857136805882,0.7384467720985413,0.6490334224567726,0.69694584608078
2021-10-05,0.7073204251343497,0.7263750433921814,0.6993551713535684,0.7039538025856018
2021-10-06,0.6953206647485775,0.7102534770965576,0.709082021291955,0.7166538834571838
2021-10-07,0.64509453056765,0.6948819160461426,0.7617799171221294,0.7346242666244507
2021-10-08,0.6178736679673041,0.6811836957931519,0.7927350956833843,0.7658451199531555
2021-10-11,0.6526752951428892,0.6737795472145081,0.7431505800729774,0.785172164440155
2021-10-12,0.6459201809116438,0.6718531250953674,0.7484871106700289,0.7946071028709412
2021-10-13,0.6048100019027239,0.6694628000259399,0.7967772397803208,0.8045137524604797
2021-10-14,0.5454927133809533,0.6690638661384583,0.8805684790391637,0.8237195611000061
2021-10-15,0.5258728976040878,0.6759395003318787,0.9104812036542562,0.8475545048713684
2021-10-18,0.5217394816778146,0.6838703751564026,0.9089035501487619,0.8637091517448425
2021-10-19,0.5008125464732411,0.6893112063407898,0.9438646132747153,0.8719757199287415
2021-10-20,0.4927268211820949,0.6893448233604431,0.9563029243467535,0.8730736374855042
2021-10-21,0.47612189288726453,0.6784878969192505,0.9865149689754286,0.872043788433075
2021-10-22,0.48807824528376254,0.6667289733886719,0.9593031398720775,0.866777241230011
2021-10-25,0.47806493872406186,0.6516710519790649,0.9701720115245465,0.8651290535926819
2021-10-26,0.499894296535315,0.6412422060966492,0.9248985912284112,0.8704504370689392
2021-10-27,0.5297145337881853,0.6409814357757568,0.8701023141114232,0.8632866144180298
2021-10-28,0.5142605061069444,0.6405580639839172,0.8934539693097568,0.8623831868171692
2021-10-29,0.5044756498707862,0.6394137740135193,0.9079490989685779,0.858086884021759
2021-11-01,0.5049818608347963,0.6416775584220886,0.8986365744521809,0.8618127703666687
2021-11-02,0.49195232485439955,0.6438437700271606,0.919593465319414,0.8675892949104309
2021-11-03,0.4621595106837367,0.6407296061515808,0.9758636648416015,0.8812450170516968
2021-11-04,0.4712928474112731,0.6409631371498108,0.9543702159090887,0.8898025751113892
2021-11-05,0.5016866434267945,0.649303138256073,0.8954122211621498,0.8815289735794067
2021-11-08,0.5200229939488471,0.6645365357398987,0.8615315879394878,0.8610795736312866
2021-11-09,0.535507312783457,0.6893002390861511,0.8358811153782838,0.8316496014595032
2021-11-10,0.5626245542035484,0.7165788412094116,0.7948937865393546,0.7921781539916992
2021-11-11,0.5290807307017835,0.725545346736908,0.8445500475371143,0.7777701020240784
2021-11-12,0.48674973905779456,0.7147032618522644,0.9171974415927995,0.7906792759895325
2021-11-15,0.48885879131824334,0.7075154185295105,0.91087493812219,0.8060820698738098
2021-11-16,0.48403507573494153,0.6980738639831543,0.9191643373480445,0.8235780596733093
2021-11-17,0.5045990940163916,0.6990999579429626,0.8809534709946396,0.829389214515686
2021-11-18,0.5174084712994286,0.7049265503883362,0.8584143119985614,0.8219857811927795
2021-11-19,0.5254573246195552,0.7126137614250183,0.8445506119785168,0.8095880746841431
2021-11-22,0.5580895846549618,0.7251120209693909,0.7931706640082975,0.7831752300262451
2021-11-23,0.5627574944615352,0.7320707440376282,0.7859378638682766,0.7601512670516968
2021-11-24,0.5381481150392691,0.7320482134819031,0.8211985283887562,0.75262051820755
2021-11-26,0.8247292895481225,0.7882578372955322,0.5349634888577502,0.6561316847801208
2021-11-29,0.6566185687957975,0.7958299517631531,0.6702890449312775,0.6189332604408264
2021-11-30,0.7756323235492694,0.8159249424934387,0.5669815743943386,0.5929582715034485
2021-12-01,0.8855119471275698,0.8364976048469543,0.49622822451029275,0.57411128282547
2021-12-02,0.7933184026253299,0.8213382363319397,0.5534531589835089,0.5750609040260315
2021-12-03,0.8704923895383572,0.7977636456489563,0.5052301803039789,0.5823338627815247
2021-12-06,0.7650121951072207,0.7523161172866821,0.5730165508272409,0.5840939879417419
2021-12-07,0.6149142036427006,0.7010354399681091,0.7126991280941489,0.5976470708847046
2021-12-08,0.5579218607443303,0.660313069820404,0.7852953382502013,0.6368480920791626
2021-12-09,0.6038442548726057,0.6496006846427917,0.7253832455784835,0.6795546412467957
2021-12-10,0.5219605151272617,0.6399751305580139,0.8389600529062081,0.7273524403572083
2021-12-13,0.5639136216660664,0.6387568116188049,0.7759401580085146,0.7582927942276001
2021-12-14,0.6066103114456637,0.6314453482627869,0.7211392456616426,0.7661566138267517
2021-12-15,0.5335305215270402,0.6000165343284607,0.8197060834396203,0.7714293599128723
2021-12-16,0.5678398901240803,0.577098548412323,0.7699817592426887,0.7654628753662109
2021-12-17,0.5943030341695714,0.5724358558654785,0.735508494656023,0.7536836266517639
2021-12-20,0.626515960003086,0.5654093027114868,0.6971621240959965,0.7409495711326599
2021-12-21,0.5744663119480883,0.5720205307006836,0.7601376316898711,0.734302818775177
2021-12-22,0.5084233264824258,0.5598534941673279,0.8586626939899634,0.7485036849975586
2021-12-23,0.4892092206588361,0.555969774723053,0.8921647849579386,0.7736381888389587
2021-12-27,0.47795709725203134,0.566484272480011,0.9122653989342122,0.8003199100494385
2021-12-28,0.47328168568758894,0.5885380506515503,0.9210516043864859,0.818471372127533
2021-12-29,0.4565042053879082,0.6142770648002625,0.9546689503516813,0.8366472125053406
2021-12-30,0.465865040406087,0.6440846920013428,0.93525868210034,0.8543148040771484
2021-12-31,0.46204333614298204,0.6641319990158081,0.9427657949720635,0.8592153787612915
2022-01-03,0.44292562910175126,0.6727294325828552,0.9827473689801691,0.8722606301307678
2022-01-04,0.4503605745541306,0.6774591207504272,0.9647565078662441,0.8716099262237549
2022-01-05,0.5244926143892176,0.68292635679245,0.8293687269877797,0.8461048007011414
2022-01-06,0.5203396704081387,0.6906314492225647,0.8356393954618225,0.8140978217124939
2022-01-07,0.4968676023315537,0.691952645778656,0.8747512423268445,0.8007164001464844
2022-01-10,0.5109917987098086,0.6937408447265625,0.849518927010846,0.7852866053581238
2022-01-11,0.48402787913432005,0.6824731230735779,0.8964753638219486,0.787761390209198
2022-01-12,0.4624112114091488,0.6696176528930664,0.9379997148238496,0.8075209259986877
2022-01-13,0.5320342981930837,0.6750473380088806,0.814918791178564,0.8043926358222961
2022-01-14,0.501780104513593,0.6753625273704529,0.8637021471382211,0.8012447953224182
2022-01-18,0.5916053066471033,0.710614800453186,0.7313831417355167,0.773489773273468
2022-01-19,0.6180049934065318,0.7563238143920898,0.6998602370651708,0.7284034490585327
2022-01-20,0.6618981557767278,0.7970921993255615,0.6531891861093078,0.6834919452667236
2022-01-21,0.7448784374744,0.8463118672370911,0.5801925685305434,0.6388627886772156
2022-01-24,0.7691971822862284,0.8556142449378967,0.5621702137645944,0.6198739409446716
2022-01-25,0.800688048254539,0.8354713320732117,0.5401904271746825,0.6012443900108337
2022-01-26,0.8217404131727867,0.8054689168930054,0.5274023329916763,0.5839670300483704
2022-01-27,0.7844178286744053,0.7680479884147644,0.553598644063546,0.5794950723648071
2022-01-28,0.7120402001359568,0.7236550450325012,0.6110870236897851,0.5878729224205017
2022-01-31,0.6403492811309359,0.6828535199165344,0.683568279816572,0.6103751063346863
2022-02-01,0.5666768437600447,0.6498665809631348,0.7739729278466696,0.6486591696739197
2022-02-02,0.5703769511147417,0.6349566578865051,0.7704793626337617,0.6938783526420593
2022-02-03,0.629112740238079,0.6259331107139587,0.6999315573868191,0.7246881723403931
2022-02-04,0.60028173547106,0.6149941682815552,0.7350033869631631,0.7440117001533508
2022-02-07,0.5920527212971191,0.6102885007858276,0.7496549009940167,0.7545590996742249
2022-02-08,0.5556137636132271,0.6055223941802979,0.8003990446848499,0.7674598097801208
2022-02-09,0.5175745831569603,0.5983213186264038,0.8609219030524077,0.7818723320960999
2022-02-10,0.6203779859498058,0.5744097828865051,0.7196756569539287,0.7760534882545471
2022-02-11,0.7103255726668524,0.5557630658149719,0.6297839515640042,0.7483536601066589
2022-02-14,0.7368558157994283,0.587623655796051,0.6107032368320551,0.715958297252655
2022-02-15,0.6688585251328273,0.6146735548973083,0.6741115404583267,0.7034984827041626
2022-02-16,0.6325487650873373,0.6206048727035522,0.7142079415987862,0.7020897269248962
2022-02-17,0.7324750712540481,0.6397207379341125,0.6179849032141407,0.6913196444511414
2022-02-18,0.7235368522423237,0.6616451144218445,0.626846863342835,0.6834433674812317
2022-02-22,0.753017808712997,0.6916593313217163,0.6070384792385182,0.6844568848609924
2022-02-23,0.811279098474594,0.7183585166931152,0.5645461784482779,0.6641365885734558
2022-02-24,0.793458713132342,0.708228349685669,0.578353144512527,0.6680184006690979
2022-02-25,0.7224597582767468,0.6921669244766235,0.6364302834083007,0.6656948924064636
2022-02-28,0.7909530540964277,0.6816503405570984,0.5847245503509011,0.6642628312110901
2022-03-01,0.8746531408458774,0.6812201142311096,0.529798606930756,0.6464391350746155
2022-03-02,0.8074253323333299,0.6810750365257263,0.5750271309073024,0.6508756279945374
2022-03-03,0.8010899289104313,0.6826704144477844,0.5807013972942042,0.6549923419952393
2022-03-04,0.8410324234259173,0.6854115724563599,0.5541970928274161,0.6522212624549866
2022-03-07,0.9603659002352686,0.7068356871604919,0.4881633952309669,0.6421110033988953
2022-03-08,0.9261599256800135,0.7157883048057556,0.5071733571908452,0.6308103799819946
2022-03-09,0.856034628266248,0.718123197555542,0.5497825766289459,0.6308519840240479
2022-03-10,0.7979647890533708,0.7078983783721924,0.5909325091893376,0.6453708410263062
2022-03-11,0.81219411824398,0.7040302157402039,0.5817019165369877,0.6580091118812561
2022-03-14,0.8406986316905657,0.6988654732704163,0.5652397553806903,0.6575627326965332
2022-03-15,0.7898528198742765,0.6902942061424255,0.6027861811735107,0.6701427698135376
2022-03-16,0.7066199693634677,0.6763473749160767,0.6750864693715036,0.6924443244934082
2022-03-17,0.6805482107678062,0.6611813902854919,0.7022984256832109,0.7126619815826416
2022-03-18,0.6332216656995581,0.6426318287849426,0.7562398180743006,0.7379501461982727
2022-03-21,0.6253702213901862,0.6294360160827637,0.7701563075626555,0.7584106922149658
2022-03-22,0.6100699881986947,0.6274347901344299,0.7909861584379948,0.7711601853370667
2022-03-23,0.6272157608372201,0.6264774203300476,0.7708386755819774,0.7729398012161255
2022-03-24,0.5770156827643522,0.634651780128479,0.8395067713614562,0.7747309803962708
2022-03-25,0.5544626050542245,0.6390367746353149,0.875327088810825,0.776899516582489
2022-03-28,0.5240056338467042,0.6284017562866211,0.9315277832972889,0.7844699621200562
2022-03-29,0.5048352119718623,0.6266729235649109,0.9687478531815162,0.78934645652771
2022-03-30,0.5166447672334694,0.622092068195343,0.948410686971899,0.7934052348136902
2022-03-31,0.5498646389989509,0.6162476539611816,0.8928124238739406,0.7883889079093933
2022-04-01,0.5253220795084235,0.6231355667114258,0.9363050532368589,0.7830140590667725
2022-04-04,0.4978933688935364,0.630111038684845,0.9922894047317272,0.7812643051147461
2022-04-05,0.5642052202575423,0.6389487385749817,0.8774163707164966,0.7723323702812195
2022-04-06,0.5932853633563804,0.6462231278419495,0.8350286278645371,0.7604033350944519
2022-04-07,0.5788850373329956,0.6634081602096558,0.8564361839190647,0.7510769963264465
2022-04-08,0.5687672876753552,0.6771566867828369,0.8723187787738494,0.7510024905204773
2022-04-11,0.6562921149143344,0.7098316550254822,0.7576718480506068,0.7429857850074768
2022-04-12,0.6537429528556015,0.7408842444419861,0.7611924779198744,0.7280868887901306
2022-04-13,0.5883634840811579,0.7453221082687378,0.8464067856354087,0.7250277996063232
2022-04-14,0.6124797968718931,0.7514470219612122,0.8136855197872891,0.726290762424469
2022-04-18,0.5996985994040505,0.748110830783844,0.833510433882831,0.7309487462043762
2022-04-19,0.5784258283332822,0.7384244203567505,0.8648100969910681,0.7376238107681274
2022-04-20,0.5503548630443404,0.7301873564720154,0.9095993549097842,0.7515642046928406
2022-04-21,0.6146647617633573,0.7302369475364685,0.815040761955507,0.757558286190033
2022-04-22,0.7650232895394316,0.756758987903595,0.6553417740364195,0.7283446192741394
2022-04-25,0.7341536568763184,0.7722931504249573,0.6844333412058772,0.6990203261375427
2022-04-26,0.9113446737829801,0.811345636844635,0.5517737188488078,0.6559510231018066
2022-04-27,0.8596921043371897,0.8235779404640198,0.5853645949619496,0.6237893104553223
2022-04-28,0.8164125949727623,0.8097625374794006,0.6168585422136269,0.6088574528694153
2022-04-29,0.9098237740615089,0.7971332669258118,0.5539417009057928,0.5935391783714294
2022-05-02,0.8820826383404637,0.7744088172912598,0.5722897932988368,0.5904689431190491
2022-05-03,0.7985653164913271,0.7501466274261475,0.632817713446542,0.5990481972694397
2022-05-04,0.6942249171844848,0.7147557735443115,0.7282448535976853,0.6257290244102478
2022-05-05,0.85235276836809,0.6911618709564209,0.5933990351598968,0.6270257830619812
2022-05-06,0.8250268049317295,0.6763160824775696,0.6133195143382191,0.636496901512146
2022-05-09,0.9505621539915216,0.6907203197479248,0.5330162535978771,0.6290698647499084
2022-05-10,0.9027102959011886,0.7046650052070618,0.5615150041147141,0.6245705485343933
2022-05-11,0.8912321939127638,0.7133303284645081,0.5689940498322105,0.6244111657142639
2022-05-12,0.8698895454257093,0.7151594758033752,0.5832078342040387,0.6270698308944702
2022-05-13,0.790740842345235,0.7106010913848877,0.6418627896315711,0.6449010968208313
2022-05-16,0.7531261865346415,0.6994696855545044,0.6748008039968156,0.6664738059043884
2022-05-17,0.7157976690264046,0.6888158917427063,0.7103005159842115,0.6897364258766174
2022-05-18,0.8493592425282144,0.6797327995300293,0.5988666150557915,0.689113974571228
2022-05-19,0.8054514106622342,0.671051561832428,0.6317879294222506,0.6896836161613464
2022-05-20,0.8079087371649532,0.660818338394165,0.6301407371032895,0.6887614130973816
2022-05-23,0.7825907301894502,0.6632722020149231,0.6513778346396788,0.6871146559715271
2022-05-24,0.8095077624421548,0.6670188307762146,0.6299934148528553,0.6810792684555054
2022-05-25,0.7800745109456272,0.671983003616333,0.6540490699635558,0.6801337003707886
2022-05-26,0.7563982408214169,0.6768025755882263,0.6748159556170319,0.6803967952728271
2022-05-27,0.7076685450924646,0.672799825668335,0.7215981878169913,0.6863148212432861
2022-05-31,0.7215383169027968,0.670031726360321,0.7089640694674728,0.6890908479690552
2022-06-01,0.7079936425954579,0.6667042374610901,0.7228429384057407,0.6904237866401672
2022-06-02,0.6814831120867131,0.6654749512672424,0.7512905382385118,0.69315105676651
2022-06-03,0.6836355388570718,0.6660594344139099,0.7492524009329228,0.6905377507209778
2022-06-06,0.6920333576908839,0.6774779558181763,0.7411314829824902,0.6880256533622742
2022-06-07,0.6632653981556784,0.6801834106445312,0.7736149797570898,0.6920813918113708
2022-06-08,0.6618244428636573,0.6906401515007019,0.7756385222754126,0.692231297492981
2022-06-09,0.7208946611421014,0.699659526348114,0.712394185151413,0.6839823126792908
2022-06-10,0.7670125733751986,0.7072462439537048,0.6698533518920926,0.6705328226089478
2022-06-13,0.9412378723840704,0.738415539264679,0.5465793242771559,0.6444925665855408
2022-06-14,0.9047361307432848,0.77231764793396,0.5688802618248283,0.6239970922470093
2022-06-15,0.8200382278183439,0.7710605263710022,0.6279122405993599,0.6261515617370605
2022-06-16,0.9125286474270842,0.7669865489006042,0.5645167459340925,0.6081140041351318
2022-06-17,0.8624070145020046,0.7629615068435669,0.597587337823263,0.6056179404258728
2022-06-21,0.8374620367007177,0.7574352025985718,0.6164676203545417,0.6048186421394348
2022-06-22,0.8033280166061183,0.7422619462013245,0.642943813917379,0.6140920519828796
2022-06-23,0.8063671587221353,0.7335802912712097,0.6408017386585448,0.6176803708076477
2022-06-24,0.7560956849866264,0.7187740206718445,0.6837075449069686,0.6317223906517029
2022-06-27,0.7490579972004243,0.7084171175956726,0.6910409630695845,0.6436805725097656
2022-06-28,0.7885069130315444,0.7044654488563538,0.6567567065161396,0.6471359729766846
2022-06-29,0.7832034114784173,0.7053767442703247,0.6614945601665034,0.6483853459358215
2022-06-30,0.7987627451912616,0.7082824110984802,0.6488942327807583,0.6471613049507141
2022-07-01,0.7430852534333416,0.7045283317565918,0.697820914320694,0.6552920341491699
2022-07-05,0.7674724174383583,0.6976823210716248,0.6768367025383095,0.6540011167526245
2022-07-06,0.7451449436970344,0.6975753903388977,0.6974242365329409,0.6582348942756653
2022-07-07,0.7272645557354904,0.6992676854133606,0.7148855710703204,0.6617634892463684
2022-07-08,0.6873352306250139,0.6936657428741455,0.7567484665810713,0.6718683838844299
2022-07-11,0.7307370828398163,0.6955026388168335,0.7127428371190089,0.6710123419761658
2022-07-12,0.7622619441541438,0.7006129026412964,0.6835670792107202,0.6659960150718689
2022-07-13,0.7493811568223051,0.7011658549308777,0.6956231374151648,0.6612170934677124
2022-07-14,0.7378894141031617,0.7037271857261658,0.7067681332765344,0.6600688099861145
2022-07-15,0.6774608020194794,0.7031434178352356,0.7701504299273312,0.6655135154724121
2022-07-18,0.7080791044063877,0.7049058675765991,0.7378238527515696,0.6664090752601624
2022-07-19,0.6859160276768539,0.710634171962738,0.7620003684653985,0.6716304421424866
2022-07-20,0.668779292804798,0.7138477563858032,0.7818708458658656,0.6789169311523438
2022-07-21,0.6474290151631402,0.7166891694068909,0.8080112836709767,0.6872665882110596
2022-07-22,0.6454013830233322,0.7180022597312927,0.8109078079767041,0.6952114701271057
2022-07-25,0.6553001886739344,0.7222403287887573,0.7997176897905908,0.700279712677002
2022-07-26,0.6928392326086086,0.7279677987098694,0.7567222127657496,0.6966202855110168
2022-07-27,0.652366226649678,0.731980562210083,0.8040248768093282,0.6976733207702637
2022-07-28,0.6270296771523255,0.7335704565048218,0.8368833019513529,0.7037277221679688
2022-07-29,0.599148258570667,0.7351426482200623,0.8762152016538667,0.7142347097396851
2022-08-01,0.6422025934195158,0.7423320412635803,0.8185581614112273,0.7176098227500916
2022-08-02,0.6730741646430647,0.7485963702201843,0.7813595657661913,0.7163102626800537
2022-08-03,0.617588312254327,0.7446920871734619,0.8519362238252254,0.7188469767570496
2022-08-04,0.6034394247069503,0.7410427927970886,0.8722978737306254,0.7235708236694336
2022-08-05,0.5954751750445637,0.7360305190086365,0.8843561858959584,0.731695830821991
2022-08-08,0.6000155275481975,0.7345618009567261,0.8788318711534636,0.7403542399406433
2022-08-09,0.6137476579599158,0.7433900833129883,0.8595497043492741,0.7440592646598816
2022-08-10,0.5567025383626687,0.736128568649292,0.9480478110358527,0.7570225596427917
2022-08-11,0.5698652054105566,0.737652599811554,0.9265608406757162,0.7654944062232971
2022-08-12,0.5511473942533132,0.7364559173583984,0.9584534125009747,0.7750657200813293
2022-08-15,0.563563608264557,0.7354991436004639,0.9385861371070081,0.7837530970573425
2022-08-16,0.5564045727471634,0.7379918694496155,0.951084802393987,0.7899156212806702
2022-08-17,0.5625265399790228,0.7415133118629456,0.9411520975776478,0.7944055199623108
2022-08-18,0.5531002092245524,0.742285430431366,0.95761722954496,0.7978739142417908
2022-08-19,0.5827030563195186,0.7478836178779602,0.9093717605476371,0.7966342568397522
2022-08-22,0.6738954933494534,0.7713219523429871,0.7873637631091361,0.7761743664741516
2022-08-23,0.6829015647856012,0.8028931617736816,0.7773256989857772,0.7483758330345154
2022-08-24,0.6465793747547708,0.818766713142395,0.8213579948882598,0.7305653095245361
2022-08-25,0.6173187620399393,0.8212346434593201,0.8606728520393413,0.72662752866745
2022-08-26,0.7246993159595798,0.8294182419776917,0.7334711195544725,0.7141779065132141
2022-08-29,0.7438760557601463,0.8423048853874207,0.7155177575841277,0.695928692817688
2022-08-30,0.7441255185398647,0.8516148924827576,0.7155965868773231,0.6767938733100891
2022-08-31,0.7347190535692077,0.853992760181427,0.7250812289948392,0.6626045107841492
2022-09-01,0.726158485189905,0.8446107506752014,0.7339561232506343,0.6608895063400269
2022-09-02,0.7238444927366716,0.8281437754631042,0.7366307318342371,0.6616176962852478
2022-09-06,0.765796869970528,0.818992555141449,0.6975194650039678,0.6580131649971008
2022-09-07,0.7014336468202683,0.8001602292060852,0.7618634447049826,0.6650300621986389
2022-09-08,0.6723384667815098,0.7821887731552124,0.7951876511175217,0.6727874875068665
2022-09-09,0.6492058314591063,0.7710912823677063,0.8238897011688301,0.6872231960296631
2022-09-12,0.6806582680734765,0.7686272859573364,0.7868724227343532,0.6977688074111938
2022-09-13,0.777872002786165,0.7653252482414246,0.6888416278479808,0.6910945177078247
2022-09-14,0.746460939607815,0.7691981196403503,0.7181489958724933,0.680738627910614
2022-09-15,0.7498524837605784,0.7739903330802917,0.7152205333362804,0.6728107333183289
2022-09-16,0.7509619683902282,0.7726168036460876,0.714483285131408,0.6696704626083374
2022-09-19,0.7362880068226658,0.7655205130577087,0.7297013988330971,0.6722906827926636
2022-09-20,0.776565832073633,0.7645529508590698,0.6921640067111307,0.6659157872200012
2022-09-21,0.8005677861522531,0.7566314935684204,0.6717127754949551,0.6628044247627258
2022-09-22,0.7825269486952248,0.7548119425773621,0.6875066283656474,0.6570962071418762
2022-09-23,0.8563481348671248,0.7490119934082031,0.628521812025852,0.6477070450782776
2022-09-26,0.9242592461535565,0.7584943175315857,0.5831237442537873,0.6353461742401123
2022-09-27,0.9343165500101097,0.7652358412742615,0.5771054603426032,0.6193615198135376
2022-09-28,0.8649613105389669,0.7535786032676697,0.6234494053020755,0.6227819919586182
2022-09-29,0.9148512992355263,0.7493365406990051,0.5910103413253692,0.6139083504676819
2022-09-30,0.9105323131046414,0.7436451315879822,0.5951876968431962,0.6117364764213562
2022-10-03,0.8725308517067306,0.7323541045188904,0.6254496206711161,0.6170503497123718
2022-10-04,0.8445470491672535,0.7247650027275085,0.6476814631630501,0.6227574944496155
2022-10-05,0.8312881700950947,0.7165442705154419,0.659550492307977,0.6307132244110107
2022-10-06,0.8906331771087058,0.7152066230773926,0.6170456056827349,0.6306654810905457
2022-10-07,0.9171944031179133,0.7184091210365295,0.6005834794972432,0.6259347796440125
2022-10-10,0.9554899854972876,0.7266127467155457,0.5806008070183294,0.6173698306083679
2022-10-11,0.9924715627221489,0.7397139668464661,0.5602902809383272,0.6045595407485962
2022-10-12,0.9929434281345237,0.7510822415351868,0.5613532628365929,0.5915597677230835
2022-10-13,0.9468742161463101,0.7542700171470642,0.5900655811736527,0.5902788639068604
2022-10-14,0.9514043746448652,0.7534302473068237,0.5886558658354994,0.5860933065414429
2022-10-17,0.9384932890527258,0.7505050301551819,0.6010506514569214,0.5868584513664246
2022-10-18,0.9145594960977981,0.7426576614379883,0.6182631329943569,0.5875627398490906
2022-10-19,0.924477250669081,0.7393399477005005,0.6131044061021423,0.5840392112731934
2022-10-20,0.9031119394418211,0.736197829246521,0.6291246856478743,0.5887247323989868
2022-10-21,0.8964427171368062,0.7324475646018982,0.6353392914829079,0.5890201926231384
2022-10-24,0.9075650501945683,0.7316135764122009,0.6321414408509192,0.587056040763855
2022-10-25,0.8673213161724275,0.7277989983558655,0.6630881578819598,0.5917561650276184
2022-10-26,0.8333042446119137,0.7255275249481201,0.6918458213671148,0.5973662734031677
2022-10-27,0.8386247815589154,0.7237736582756042,0.689142790006191,0.6032065749168396
2022-10-28,0.7902631645053674,0.7200379371643066,0.7331140471204923,0.6130168437957764
2022-10-31,0.7998889431461405,0.7213957905769348,0.7296710074507107,0.6201394200325012
2022-11-01,0.7996168164705338,0.7242875695228577,0.7317300103428352,0.6247950792312622
2022-11-02,0.8030699650457067,0.7280617356300354,0.7303950829879078,0.6275642514228821
2022-11-03,0.7875511012013124,0.7289611101150513,0.7466436354629027,0.629703164100647
2022-11-04,0.766029623938202,0.7316007018089294,0.7695376827038978,0.6355829834938049
2022-11-07,0.765271433950799,0.7352115511894226,0.776112836727471,0.6417489647865295
2022-11-08,0.8046059932513802,0.7375627756118774,0.7400318445011966,0.6413714289665222
2022-11-09,0.8239195075829283,0.7428407073020935,0.724510540100839,0.6387222409248352
2022-11-10,0.7448752253254517,0.7343898415565491,0.8034231052196362,0.651635468006134
2022-11-11,0.7146335809520369,0.7274908423423767,0.8395475998611454,0.6629652976989746
2022-11-14,0.7585574514052247,0.7247339487075806,0.7970000440426672,0.6717367172241211
2022-11-15,0.7863738802069871,0.7174858450889587,0.770777346794196,0.6763244271278381
2022-11-16,0.774494066029962,0.7239358425140381,0.7846098064210687,0.6786960363388062
2022-11-17,0.770606326887664,0.7319769859313965,0.7905979434237743,0.6828175783157349
2022-11-18,0.746361695178339,0.73881596326828,0.8183855733688684,0.6901693940162659
2022-11-21,0.7272172258521793,0.7395575642585754,0.8464791133077967,0.7026394009590149
2022-11-22,0.6941452240072815,0.7376860976219177,0.8891187783890139,0.7157966494560242
2022-11-23,0.6651568970872315,0.7317625284194946,0.9302901900117737,0.7328862547874451
2022-11-25,0.6734288824146104,0.7322663068771362,0.9236847781962,0.7481274008750916
2022-11-28,0.7351472572223966,0.7403740286827087,0.852847234621094,0.7519016861915588
2022-11-29,0.7263953899502872,0.752044141292572,0.8654089969865575,0.7510802149772644
2022-11-30,0.6846632682121674,0.7492666840553284,0.9205961419713512,0.755768358707428
2022-12-01,0.6617294705465072,0.7463648319244385,0.9550370212454581,0.7627089619636536
2022-12-02,0.6373407172338277,0.7371351718902588,0.9941208646741106,0.7754313945770264
2022-12-05,0.6992201425150693,0.7348090410232544,0.9088457391459425,0.7779380083084106
2022-12-06,0.7490019770095798,0.7392367124557495,0.8492586887955778,0.7703480124473572
2022-12-07,0.7682183358008863,0.7572974562644958,0.8288175066388526,0.7567700743675232
2022-12-08,0.7569705097568569,0.7744563221931458,0.8419513970743665,0.7470116019248962
2022-12-09,0.7773291950367742,0.7944645285606384,0.820701427172346,0.7336438298225403
2022-12-12,0.8579212365322432,0.8220438957214355,0.7458064737627583,0.7152849435806274
2022-12-13,0.7758826218986853,0.8137086033821106,0.825484637781672,0.7105099558830261
2022-12-14,0.7292888244795741,0.7959263920783997,0.8791009743072615,0.7165297865867615
2022-12-15,0.7896754204322177,0.7880233526229858,0.8126898918270317,0.7230233550071716
2022-12-16,0.7844883389600877,0.7851821780204773,0.8188870729126162,0.7281684279441833
2022-12-19,0.7837930420363153,0.7855163812637329,0.8221130480881964,0.7311272025108337
2022-12-20,0.7529455370636059,0.7793727517127991,0.8566709078736211,0.738125205039978
2022-12-21,0.7054127232948734,0.7687184810638428,0.9153366764536172,0.7512051463127136
2022-12-22,0.774275888917092,0.7559918761253357,0.8347894173146505,0.7586838603019714
2022-12-23,0.7374984082502398,0.74581378698349,0.8773281407296759,0.7627403140068054
2022-12-27,0.773428489730749,0.7495824098587036,0.8400879346989066,0.7635458111763
2022-12-28,0.7931016649751664,0.7580960988998413,0.8201183412121352,0.7608858346939087
2022-12-29,0.770137547216184,0.7646263241767883,0.8454727253012112,0.7592917084693909
2022-12-30,0.7805450054311912,0.771719217300415,0.835092373160571,0.7587185502052307
2023-01-03,0.8340456447612,0.7838091850280762,0.7849133852390638,0.752364993095398
2023-01-04,0.8038714533392952,0.7888252139091492,0.8152672487081759,0.7491769194602966
2023-01-05,0.8226060557922525,0.7965093851089478,0.7975756531158544,0.7459720969200134
2023-01-06,0.7760695946399749,0.7904656529426575,0.8463353174238326,0.7507683634757996
2023-01-09,0.8137836499837392,0.7916632294654846,0.8098139930490084,0.751812756061554
2023-01-10,0.7644641934007499,0.7818498611450195,0.8630286222151791,0.7605850100517273
2023-01-11,0.7856420769862595,0.7835092544555664,0.8407133693302414,0.7662183046340942
2023-01-12,0.7034583239447398,0.7647424936294556,0.9399979430316824,0.7778533101081848
2023-01-13,0.6874918986440055,0.7475776076316833,0.9629251736434098,0.7942162156105042
2023-01-17,0.7337474326781213,0.740314781665802,0.9063915900267384,0.8068315386772156
2023-01-18,0.7731320761960381,0.7399176359176636,0.8612221097756175,0.8068289160728455
2023-01-19,0.7822494983458745,0.744905948638916,0.8521819474787105,0.800446093082428
2023-01-20,0.7589223279739141,0.7484466433525085,0.879410061713134,0.7944198250770569
2023-01-23,0.7641002154323421,0.7498494982719421,0.8765693514866945,0.7927634119987488
2023-01-24,0.7427642499198197,0.7456260323524475,0.9028309272979425,0.7993599772453308
2023-01-25,0.7403137405481918,0.7394194006919861,0.9069114607039116,0.805977463722229
2023-01-26,0.7288979565341488,0.7351815700531006,0.9222310267653813,0.816511332988739
2023-01-27,0.7224882138195905,0.727045476436615,0.9315452514344079,0.827941358089447
2023-01-30,0.7853422877053231,0.7300350666046143,0.8601529930908863,0.8277100920677185
2023-01-31,0.7663842257584293,0.7305335402488708,0.8825241023903457,0.8270123600959778
2023-02-01,0.7080833730544688,0.7172381281852722,0.9563784306214164,0.835758626461029
2023-02-02,0.7444174963427478,0.708613932132721,0.9124399308174849,0.8412432670593262
2023-02-03,0.7307423339334044,0.7034183144569397,0.9297661307297308,0.8462589383125305
2023-02-06,0.7817501368362059,0.7100847363471985,0.8744443518618302,0.8396170735359192
2023-02-07,0.7530886702385441,0.711060643196106,0.909596345215758,0.8377841711044312
2023-02-08,0.794690866828884,0.718718409538269,0.8637637303734121,0.8287397623062134
2023-02-09,0.8410186991536104,0.7350691556930542,0.8178800429995321,0.8136724233627319
2023-02-10,0.8363082142344027,0.7506224513053894,0.8242039948948295,0.7927595376968384
2023-02-13,0.8363908268452767,0.7567304968833923,0.8293387105591907,0.7811128497123718
2023-02-14,0.7800432880979977,0.7446979284286499,0.8911350224587758,0.7847544550895691
2023-02-15,0.7543745610529093,0.7278825640678406,0.9234216785971472,0.8015453219413757
2023-02-16,0.8373052813747981,0.7312126159667969,0.8337427047052864,0.8078691363334656
2023-02-17,0.8337271626055693,0.7349948287010193,0.8391210625771259,0.804026186466217
2023-02-21,0.9647131421466946,0.7641193866729736,0.7315110625534283,0.7811264991760254
2023-02-22,0.9402678219097229,0.7886046767234802,0.7497654359566046,0.7578942179679871
2023-02-23,0.8805436855754719,0.7990902662277222,0.7897297244708751,0.7486249804496765
2023-02-24,0.8886323248588164,0.8095431327819824,0.769612343054122,0.7461515069007874
2023-02-27,0.820941750022614,0.8074439167976379,0.7935723076585263,0.748587429523468
2023-02-28,0.7993090656998301,0.8030591011047363,0.8023165931484454,0.7554311156272888
2023-03-01,0.7832462179084226,0.8020550012588501,0.8061500384448119,0.763278067111969
2023-03-02,0.7349973595003951,0.7882523536682129,0.8460021051556016,0.7741625308990479
2023-03-03,0.6840281249238331,0.7668628692626953,0.8953918449661925,0.7939128279685974
2023-03-06,0.6607553673181333,0.7541350722312927,0.886815442526112,0.8120453953742981
2023-03-07,0.6863417807532118,0.751662015914917,0.8415645450569488,0.8210532069206238
2023-03-08,0.6607763913991247,0.7490156888961792,0.8617929188634007,0.8226156830787659
2023-03-09,0.7717139784241438,0.7568394541740417,0.7276194781411152,0.8035436272621155
2023-03-10,0.8356832397783067,0.7714830636978149,0.6626649592679674,0.7612698674201965
2023-03-13,0.8709073901076283,0.7985374331474304,0.6177198763083256,0.7116112112998962
2023-03-14,0.7702044775582569,0.7799765467643738,0.689614216499996,0.6780784726142883
2023-03-15,0.8484258306639636,0.7662161588668823,0.6253695127374859,0.6608697175979614
2023-03-16,0.7461863086538346,0.7290404438972473,0.7102989335900479,0.6573353409767151
2023-03-17,0.8279779510246599,0.7143659591674805,0.6394506395021597,0.6577110886573792
2023-03-20,0.7838364179533945,0.6900938153266907,0.6733013306458372,0.6659815907478333
2023-03-21,0.69393052682134,0.6664503812789917,0.7597212888322933,0.681786835193634
2023-03-22,0.7224927171286784,0.6555801630020142,0.728906288868625,0.6996464133262634
2023-03-23,0.7338526777757602,0.638968825340271,0.7168539300713909,0.7155395150184631
2023-03-24,0.7056150648476879,0.6296899914741516,0.7447415642273657,0.7287495732307434
2023-03-27,0.6686141103066597,0.6244855523109436,0.7834234007372314,0.7415810227394104
2023-03-28,0.6481661687605508,0.6231282949447632,0.8072677289806759,0.7582103610038757
2023-03-29,0.6205777724978152,0.629271924495697,0.8422462827402812,0.7794986367225647
2023-03-30,0.6173320606119624,0.6352641582489014,0.8457604040523161,0.796491801738739
2023-03-31,0.6069458321026776,0.6438367962837219,0.8593035431034718,0.8068804144859314
2023-04-03,0.6020772333204959,0.6499542593955994,0.8634403497885914,0.8123467564582825
2023-04-04,0.6166829058534308,0.6603016257286072,0.8420753404854587,0.8119400143623352
2023-04-05,0.6192794629807519,0.6722800731658936,0.8376333947865896,0.806339681148529
2023-04-06,0.5972086964451194,0.6802687048912048,0.8676445151630401,0.8084036707878113
2023-04-10,0.6157091737156333,0.6948857307434082,0.8379079536614539,0.8110814094543457
2023-04-11,0.6199286177392835,0.7086658477783203,0.8312945878479779,0.8177840113639832
2023-04-12,0.6196040403600178,0.7107734680175781,0.8308193010809423,0.8160058856010437
2023-04-13,0.5777344870368079,0.7064005732536316,0.8900536462282724,0.8325284123420715
2023-04-14,0.5540408955116514,0.6961069703102112,0.9270983096738262,0.8472608327865601
2023-04-17,0.5501460907740722,0.6837680339813232,0.9305845469863576,0.8687325716018677
2023-04-18,0.5462512241296879,0.6761732697486877,0.9361867196804433,0.8795161843299866
2023-04-19,0.5342421087240741,0.6626927852630615,0.9561747834507105,0.8853263258934021
2023-04-20,0.5572866073975041,0.6547546982765198,0.915623158400471,0.8864043951034546
2023-04-21,0.5443038217608982,0.6466981172561646,0.9364259338299864,0.8868905901908875
2023-04-24,0.5481986264984774,0.6403344869613647,0.9266847141970558,0.8839369416236877
2023-04-25,0.6088932344714674,0.6497383117675781,0.8333858052151379,0.8636893630027771
2023-04-26,0.6114897915987885,0.6625656485557556,0.828924172478616,0.8422163128852844
2023-04-27,0.5527426479013934,0.6584714651107788,0.9160037901590772,0.8413091897964478
2023-04-28,0.512171373141844,0.6422604322433472,0.9874625525005055,0.8584337830543518
2023-05-01,0.5219084778459998,0.6310172080993652,0.9668651004336304,0.8753513693809509
2023-05-02,0.5770853941850814,0.6356342434883118,0.8704248019001001,0.8676902651786804
2023-05-03,0.5952612940763298,0.6472971439361572,0.8409109754432986,0.8511067032814026
2023-05-04,0.6520610354049352,0.6734445691108704,0.7649806442858145,0.8137415647506714
2023-05-05,0.5579357621560357,0.6667017936706543,0.8909025379360894,0.8036770224571228
2023-05-08,0.5511197610050644,0.6620516180992126,0.8924073638918691,0.811351478099823
2023-05-09,0.5748133525302209,0.6689322590827942,0.8525822277481918,0.8188183903694153
2023-05-10,0.5498215133948063,0.6678486466407776,0.888157251535824,0.8281769752502441
2023-05-11,0.5494969360155406,0.6703011989593506,0.8855013518958242,0.8353623747825623
2023-05-12,0.5527426479013934,0.6721699833869934,0.8771398354686795,0.8397497534751892
2023-05-15,0.5556637824079803,0.67442387342453,0.8630930375839276,0.8401787281036377
2023-05-16,0.5839013334292477,0.6828327775001526,0.8183606202093993,0.8339630961418152
2023-05-17,0.547549533646751,0.6786755919456482,0.8694997322484803,0.8344668745994568
2023-05-18,0.5209347457082024,0.6681187748908997,0.9105679594977675,0.8482795357704163
2023-05-19,0.5456020693711563,0.6658778786659241,0.866196868549426,0.8537148833274841
2023-05-22,0.5585848550077622,0.6667625308036804,0.8366781633455058,0.8483670949935913
2023-05-23,0.6014281404687695,0.6804112792015076,0.7741707358920361,0.8333129286766052
2023-05-24,0.6501136330361456,0.7066887617111206,0.7135066210793829,0.7975553870201111
2023-05-25,0.6212268653495417,0.7202621102333069,0.7438710766277374,0.7724018692970276
2023-05-26,0.5826030858189896,0.713056743144989,0.790186361685434,0.7705950140953064
2023-05-30,0.5666991037689916,0.7021892666816711,0.8000264546109656,0.7848906517028809
2023-05-31,0.5822785084397238,0.6950467228889465,0.7756195425485901,0.800004780292511
2023-06-01,0.5079519600715964,0.6731154322624207,0.8856721525808444,0.827195942401886
2023-06-02,0.4738721400371553,0.6506854891777039,0.9456796117651249,0.862381637096405
2023-06-05,0.47809152215400025,0.6348199844360352,0.9263669140552405,0.8825458884239197
2023-06-06,0.45309965206518316,0.6216814517974854,0.9736058757394215,0.9013099074363708
2023-06-07,0.4524504973066516,0.6185727119445801,0.9711400511086722,0.9139449000358582
2023-06-08,0.4430379699817616,0.6175899505615234,0.987827554890878,0.9190179705619812
2023-06-09,0.4488802389949356,0.6225478053092957,0.9710773437460133,0.9205740094184875
2023-06-12,0.48717950305302693,0.6342340111732483,0.8839747445071209,0.9098235964775085
2023-06-13,0.47419668646301844,0.6437906622886658,0.9044911204925324,0.9014371037483215
2023-06-14,0.45050309493786195,0.645530104637146,0.9481821825532093,0.9033405780792236
2023-06-15,0.47062642815130246,0.6506365537643433,0.9039256996438105,0.8994387984275818
2023-06-16,0.43946771167004567,0.6463757157325745,0.9640381480130175,0.9039961099624634
2023-06-20,0.45050309493786195,0.642288863658905,0.9249057457793609,0.9082326292991638
2023-06-21,0.42843232840222933,0.6368044018745422,0.968473173066065,0.9164758920669556
2023-06-22,0.4190198010773394,0.6286420226097107,0.9901494876529175,0.9262389540672302
2023-06-23,0.4362219997841929,0.6310194134712219,0.9471726145599534,0.9260058999061584
2023-06-26,0.4625121793900731,0.6425979733467102,0.8933333012095669,0.9123639464378357
2023-06-27,0.44595910448834863,0.6524398326873779,0.9264919762950155,0.9030835032463074
2023-06-28,0.4358974533583296,0.6589589715003967,0.9478778297071462,0.9021053910255432
2023-06-29,0.43946771167004567,0.6666760444641113,0.940177221425498,0.9003395438194275
2023-06-30,0.44109056761297205,0.6746580600738525,0.9367181309274824,0.896748423576355
2023-07-03,0.4404414128544405,0.6802000999450684,0.9380987345999514,0.8936423063278198
2023-07-05,0.4602401996420177,0.6894449591636658,0.8977432488199458,0.8835254907608032
2023-07-06,0.5011359898740277,0.7057414650917053,0.8244818580442153,0.8539729714393616
2023-07-07,0.48133723403985307,0.7107507586479187,0.8583951185250625,0.8466940522193909
2023-07-10,0.48912690542181664,0.7142668962478638,0.8447246051775592,0.8437731862068176
2023-07-11,0.4816618114191188,0.7154877185821533,0.8578166719234428,0.8497740030288696
2023-07-12,0.43946771167004567,0.7033191323280334,0.940177221425498,0.8712791800498962
2023-07-13,0.44173969141810104,0.6946361660957336,0.9353416505040705,0.8893663287162781
2023-07-14,0.43297631885174265,0.6859204769134521,0.95427281833777,0.902335524559021
2023-07-17,0.43752027834785345,0.6797199845314026,0.9443620159147591,0.9083732962608337
2023-07-18,0.4316780402880821,0.6762273907661438,0.9571428089981824,0.911369264125824
2023-07-19,0.4466082592468802,0.6789506077766418,0.9251453001807685,0.9054088592529297
2023-07-20,0.454073353249578,0.6833009719848633,0.9099356505006484,0.89566969871521
2023-07-21,0.4414151449922379,0.6848428845405579,0.936029351850696,0.8915390372276306
2023-07-24,0.4514767961222568,0.6862539649009705,0.9151689203364503,0.8873131275177002
2023-07-25,0.4498539401793304,0.6901271343231201,0.9184704081939479,0.8848842978477478
2023-07-26,0.4281077510229635,0.6866530179977417,0.965125090767167,0.8894180655479431
2023-07-27,0.46770529364471547,0.690346360206604,0.883414273215451,0.8750725388526917
2023-07-28,0.4326517414724769,0.6854842305183411,0.9549887183117917,0.8774716854095459
2023-07-31,0.4423888461766326,0.6818853616714478,0.9339691441931065,0.8793484568595886
2023-08-01,0.4521259508807883,0.6840603351593018,0.9138549363496006,0.8762351870536804
2023-08-02,0.5222330552252655,0.7032086253166199,0.7911746066819555,0.848595917224884
2023-08-03,0.5167153635913573,0.7230811715126038,0.7996230829918297,0.8262518644332886
2023-08-04,0.5550146276494488,0.7475660443305969,0.7444444010674459,0.7947526574134827
2023-08-07,0.5118468267159808,0.7588204145431519,0.8072288632033151,0.788227379322052
2023-08-08,0.5189873433394128,0.762877881526947,0.7961225593780064,0.786672055721283
2023-08-09,0.518013642155018,0.7618687152862549,0.7976190170306753,0.7941100001335144
2023-08-10,0.514443383843302,0.7523717284202576,0.8031545259215892,0.8028292059898376
2023-08-11,0.4816618114191188,0.7352158427238464,0.8578166719234428,0.8208048939704895
2023-08-14,0.4810126566605873,0.7165936231613159,0.8589743457742574,0.8398825526237488
2023-08-15,0.5342421087240741,0.7167986035346985,0.7733900516583273,0.8322892785072327
2023-08-16,0.544628399140164,0.7223478555679321,0.7586411812466489,0.8186301589012146
2023-08-17,0.5806556215433949,0.7388773560523987,0.7115707085827067,0.7894749045372009
2023-08-18,0.5615059895143492,0.7466537356376648,0.7358381562795543,0.7705507874488831
2023-08-21,0.555988297880441,0.7462995052337646,0.7431406985350159,0.7671861052513123
2023-08-22,0.5507951836257986,0.7440569996833801,0.7501473221756993,0.773189127445221
2023-08-23,0.518662765960147,0.7308042645454407,0.7966207701439535,0.7930819988250732
2023-08-24,0.5582603395353015,0.727015495300293,0.740116219626306,0.8016442656517029
2023-08-25,0.5089256922093938,0.7080153822898865,0.8118621999027837,0.8173207640647888
2023-08-28,0.4894514828010824,0.6857383847236633,0.8441644301486049,0.8404878377914429
2023-08-29,0.4690035722083761,0.6655182838439941,0.8809688380808165,0.8676579594612122
2023-08-30,0.45050309493786195,0.6497810482978821,0.9171469335214114,0.8921248912811279
2023-08-31,0.4404414128544405,0.6416646838188171,0.9380987345999514,0.9089339375495911
